model,target,MAE,RMSE,R2
RandomForest,PER,0.0096546120914747,0.0157264573374656,0.9973577649840072
LinearRegression,RSRP_dBm,1.23944225253562e-13,2.0270238236068735e-13,1.0
RandomForest,SINR_dB,0.1112320240983479,0.1780124692395702,0.9995749829198244
RandomForest,latency_ms,1.6871415341124312,2.069851728063864,0.9970332822163296
RandomForest,throughput_bps,113902.71578404984,587584.970358988,0.9964463026295572
