model,target,MAE,RMSE,R2
LinearRegression,latency_ms,1.7158638746494062,2.1314139644910792,0.9968541835720058
RandomForest,latency_ms,1.6871415341124312,2.0698517280638637,0.9970332822163296
