model,target,MAE,RMSE,R2
LinearRegression,RSRP_dBm,1.23944225253562e-13,2.0270238236068735e-13,1.0
