model,target,MAE,RMSE,R2
LinearRegression,PER,0.12212936922032683,0.14748948769506,0.7676023267266963
