model,target,MAE,RMSE,R2
LinearRegression,SINR_dB,0.9138310997745739,1.2177821671737783,0.980109543308322
