model,target,MAE,RMSE,R2
LinearRegression,latency_ms,1.7158638746494062,2.1314139644910792,0.9968541835720058
