model,target,MAE,RMSE,R2
LinearRegression,PER,0.1221293692203268,0.14748948769506,0.7676023267266963
RandomForest,PER,0.0096546120914747,0.0157264573374656,0.9973577649840072
