model,target,MAE,RMSE,R2
RandomForest,throughput_bps,113902.71578404983,587584.970358988,0.9964463026295572
