model,target,MAE,RMSE,R2
RandomForest,latency_ms,1.6871415341124312,2.0698517280638633,0.9970332822163297
