model,target,MAE,RMSE,R2
RandomForest,PER,0.009654612091474718,0.01572645733746569,0.9973577649840071
