model,target,MAE,RMSE,R2
RandomForest,SINR_dB,0.1112320240983479,0.17801246923957026,0.9995749829198245
