model,target,MAE,RMSE,R2
RandomForest,RSRP_dBm,0.0004911963341629605,0.0056717593889441375,0.9999994587004608
