model,target,MAE,RMSE,R2
LinearRegression,RSRP_dBm,1.23944225253562e-13,2.0270238236068735e-13,1.0
RandomForest,RSRP_dBm,0.0004911963341629,0.0056717593889441,0.9999994587004608
