model,target,MAE,RMSE,R2
LinearRegression,SINR_dB,0.913831099774574,1.2177821671737783,0.980109543308322
RandomForest,SINR_dB,0.1112320240983479,0.1780124692395702,0.9995749829198244
