model,target,MAE,RMSE,R2
LinearRegression,throughput_bps,1747679.4512324054,4595696.541257874,0.7826088941193423
RandomForest,throughput_bps,113902.71578404984,587584.970358988,0.9964463026295572
